--
-- PostgreSQL database dump
--

\restrict yKVjGw4flqDrSBWZx9qTChOT1xM8zY3LrQOtbsCDJVCaSrQa5wBMX5xbJqVnY5E

-- Dumped from database version 16.11
-- Dumped by pg_dump version 16.11

SET statement_timeout = 0;
SET lock_timeout = 0;
SET idle_in_transaction_session_timeout = 0;
SET client_encoding = 'UTF8';
SET standard_conforming_strings = on;
SELECT pg_catalog.set_config('search_path', '', false);
SET check_function_bodies = false;
SET xmloption = content;
SET client_min_messages = warning;
SET row_security = off;

--
-- Name: statusmaintenance; Type: TYPE; Schema: public; Owner: test
--

CREATE TYPE public.statusmaintenance AS ENUM (
    'ON',
    'RESERVE',
    'RESERVE_LSO',
    'REPAIR',
    'TO1',
    'TO2',
    'VP',
    'OFF'
);


ALTER TYPE public.statusmaintenance OWNER TO test;

SET default_tablespace = '';

SET default_table_access_method = heap;

--
-- Name: alembic_version; Type: TABLE; Schema: public; Owner: test
--

CREATE TABLE public.alembic_version (
    version_num character varying(32) NOT NULL
);


ALTER TABLE public.alembic_version OWNER TO test;

--
-- Name: departments; Type: TABLE; Schema: public; Owner: test
--

CREATE TABLE public.departments (
    id integer NOT NULL,
    title character varying(128) NOT NULL,
    created_at timestamp without time zone NOT NULL,
    updated_at timestamp without time zone
);


ALTER TABLE public.departments OWNER TO test;

--
-- Name: departments_id_seq; Type: SEQUENCE; Schema: public; Owner: test
--

CREATE SEQUENCE public.departments_id_seq
    AS integer
    START WITH 1
    INCREMENT BY 1
    NO MINVALUE
    NO MAXVALUE
    CACHE 1;


ALTER SEQUENCE public.departments_id_seq OWNER TO test;

--
-- Name: departments_id_seq; Type: SEQUENCE OWNED BY; Schema: public; Owner: test
--

ALTER SEQUENCE public.departments_id_seq OWNED BY public.departments.id;


--
-- Name: machineries; Type: TABLE; Schema: public; Owner: test
--

CREATE TABLE public.machineries (
    id integer NOT NULL,
    title character varying(64) NOT NULL,
    model character varying(128),
    number character varying(32),
    status public.statusmaintenance NOT NULL,
    section_id integer NOT NULL,
    created_at timestamp without time zone NOT NULL,
    updated_at timestamp without time zone
);


ALTER TABLE public.machineries OWNER TO test;

--
-- Name: machineries_id_seq; Type: SEQUENCE; Schema: public; Owner: test
--

CREATE SEQUENCE public.machineries_id_seq
    AS integer
    START WITH 1
    INCREMENT BY 1
    NO MINVALUE
    NO MAXVALUE
    CACHE 1;


ALTER SEQUENCE public.machineries_id_seq OWNER TO test;

--
-- Name: machineries_id_seq; Type: SEQUENCE OWNED BY; Schema: public; Owner: test
--

ALTER SEQUENCE public.machineries_id_seq OWNED BY public.machineries.id;


--
-- Name: maintenance; Type: TABLE; Schema: public; Owner: test
--

CREATE TABLE public.maintenance (
    id integer NOT NULL,
    note character varying(256) NOT NULL,
    date date NOT NULL,
    machinery_id integer NOT NULL,
    created_at timestamp without time zone NOT NULL,
    updated_at timestamp without time zone
);


ALTER TABLE public.maintenance OWNER TO test;

--
-- Name: maintenance_id_seq; Type: SEQUENCE; Schema: public; Owner: test
--

CREATE SEQUENCE public.maintenance_id_seq
    AS integer
    START WITH 1
    INCREMENT BY 1
    NO MINVALUE
    NO MAXVALUE
    CACHE 1;


ALTER SEQUENCE public.maintenance_id_seq OWNER TO test;

--
-- Name: maintenance_id_seq; Type: SEQUENCE OWNED BY; Schema: public; Owner: test
--

ALTER SEQUENCE public.maintenance_id_seq OWNED BY public.maintenance.id;


--
-- Name: sections; Type: TABLE; Schema: public; Owner: test
--

CREATE TABLE public.sections (
    id integer NOT NULL,
    title character varying(128) NOT NULL,
    department_id integer NOT NULL,
    created_at timestamp without time zone NOT NULL,
    updated_at timestamp without time zone
);


ALTER TABLE public.sections OWNER TO test;

--
-- Name: sections_id_seq; Type: SEQUENCE; Schema: public; Owner: test
--

CREATE SEQUENCE public.sections_id_seq
    AS integer
    START WITH 1
    INCREMENT BY 1
    NO MINVALUE
    NO MAXVALUE
    CACHE 1;


ALTER SEQUENCE public.sections_id_seq OWNER TO test;

--
-- Name: sections_id_seq; Type: SEQUENCE OWNED BY; Schema: public; Owner: test
--

ALTER SEQUENCE public.sections_id_seq OWNED BY public.sections.id;


--
-- Name: users; Type: TABLE; Schema: public; Owner: test
--

CREATE TABLE public.users (
    id integer NOT NULL,
    email character varying(64) NOT NULL,
    password_hash character varying(255) NOT NULL,
    department_id integer NOT NULL,
    created_at timestamp without time zone NOT NULL,
    updated_at timestamp without time zone
);


ALTER TABLE public.users OWNER TO test;

--
-- Name: users_id_seq; Type: SEQUENCE; Schema: public; Owner: test
--

CREATE SEQUENCE public.users_id_seq
    AS integer
    START WITH 1
    INCREMENT BY 1
    NO MINVALUE
    NO MAXVALUE
    CACHE 1;


ALTER SEQUENCE public.users_id_seq OWNER TO test;

--
-- Name: users_id_seq; Type: SEQUENCE OWNED BY; Schema: public; Owner: test
--

ALTER SEQUENCE public.users_id_seq OWNED BY public.users.id;


--
-- Name: departments id; Type: DEFAULT; Schema: public; Owner: test
--

ALTER TABLE ONLY public.departments ALTER COLUMN id SET DEFAULT nextval('public.departments_id_seq'::regclass);


--
-- Name: machineries id; Type: DEFAULT; Schema: public; Owner: test
--

ALTER TABLE ONLY public.machineries ALTER COLUMN id SET DEFAULT nextval('public.machineries_id_seq'::regclass);


--
-- Name: maintenance id; Type: DEFAULT; Schema: public; Owner: test
--

ALTER TABLE ONLY public.maintenance ALTER COLUMN id SET DEFAULT nextval('public.maintenance_id_seq'::regclass);


--
-- Name: sections id; Type: DEFAULT; Schema: public; Owner: test
--

ALTER TABLE ONLY public.sections ALTER COLUMN id SET DEFAULT nextval('public.sections_id_seq'::regclass);


--
-- Name: users id; Type: DEFAULT; Schema: public; Owner: test
--

ALTER TABLE ONLY public.users ALTER COLUMN id SET DEFAULT nextval('public.users_id_seq'::regclass);


--
-- Data for Name: alembic_version; Type: TABLE DATA; Schema: public; Owner: test
--

COPY public.alembic_version (version_num) FROM stdin;
e6ae54741e34
\.


--
-- Data for Name: departments; Type: TABLE DATA; Schema: public; Owner: test
--

COPY public.departments (id, title, created_at, updated_at) FROM stdin;
1	псо адмиралтейского района	2026-04-22 13:00:55.533599	\N
2	псо василеостровского района	2026-04-22 13:00:55.533599	\N
3	псч-21 (выборгский район)	2026-04-22 13:00:55.533599	\N
4	псч-60 (выборгский район)	2026-04-22 13:00:55.533599	\N
5	псч-63 (выборгский район)	2026-04-22 13:00:55.533599	\N
6	псч-67 (выборгский район)	2026-04-22 13:00:55.533599	\N
7	псч-75 (калининского района)	2026-04-22 13:00:55.533599	\N
8	псч-42 (кировский район)	2026-04-22 13:00:55.533599	\N
9	псч-48 (колпинский район)	2026-04-22 13:00:55.533599	\N
10	псо красногвардейского района	2026-04-22 13:00:55.533599	\N
11	псч-20 (красносельский район)	2026-04-22 13:00:55.533599	\N
12	псч-33 (красносельский район)	2026-04-22 13:00:55.533599	\N
13	псч-47 (кронштадтский район)	2026-04-22 13:00:55.533599	\N
14	псч-57 (курортный район)	2026-04-22 13:00:55.533599	\N
15	псч-43 (курортный район)	2026-04-22 13:00:55.533599	\N
16	псч-39 (московский район)	2026-04-22 13:00:55.533599	\N
17	псч-52 (невский район)	2026-04-22 13:00:55.533599	\N
18	псч-61 (невский район)	2026-04-22 13:00:55.533599	\N
19	псо петроградского района	2026-04-22 13:00:55.533599	\N
20	псч-54 (петродворцовый район)	2026-04-22 13:00:55.533599	\N
21	псч-53 (приморский район) "оз.долгое"	2026-04-22 13:00:55.533599	\N
22	псч-59 (приморский район) "п. лисий нос"	2026-04-22 13:00:55.533599	\N
23	псч-76 (приморский район) "п. лахта"	2026-04-22 13:00:55.533599	\N
24	псч-23 (приморский район) "коломяги"	2026-04-22 13:00:55.533599	\N
25	псч-49 (пушкинский район)	2026-04-22 13:00:55.533599	\N
26	псч-50 (пушкинский район)	2026-04-22 13:00:55.533599	\N
27	псч-58 (фрунзенский район)	2026-04-22 13:00:55.533599	\N
28	псч № 37 (центральный район)	2026-04-22 13:00:55.533599	\N
29	гку "центр обеспечения мероприятий гражданской защиты"	2026-04-22 13:00:55.533599	\N
30	гку "технический центр"	2026-04-22 13:00:55.533599	\N
31	гу "умц"	2026-04-22 13:00:55.533599	\N
32	псс	2026-04-22 13:00:55.533599	\N
\.


--
-- Data for Name: machineries; Type: TABLE DATA; Schema: public; Owner: test
--

COPY public.machineries (id, title, model, number, status, section_id, created_at, updated_at) FROM stdin;
2	оперативный авт.	RENAULT Duster	К 528 МХ 198	ON	2	2026-04-22 13:49:00.504917	\N
3	АЦ 3,5-40	MAN TGM 15.340	В 136 ТТ 178	ON	3	2026-04-22 13:49:00.504917	\N
4	АЦ 2,5-40	IVECO	В 264 УВ 98	ON	3	2026-04-22 13:49:00.504917	\N
5	АЦ 3,2-40	КАМАЗ 43265	Н 113 МС 198	ON	3	2026-04-22 13:49:00.504917	\N
6	АЦ 3,5-40	МАЗ	А 055 ВО 778	ON	3	2026-04-22 13:49:00.504917	\N
7	АГ-30	MAN TGM 15.340	У 697 КС 178	ON	3	2026-04-22 13:49:00.504917	\N
8	АГ-30	МАЗ	С 516 ОР 198	ON	3	2026-04-22 13:49:00.504917	\N
9	АЛ-30	IVECO	В 837 УМ 98	ON	3	2026-04-22 13:49:00.504917	\N
10	АЛ-50	УРАЛ	У 868 СС 198	ON	3	2026-04-22 13:49:00.504917	\N
11	оперативный авт.	Форд Фокус	Х 067 ТТ 178	ON	3	2026-04-22 13:49:00.504917	\N
12	оперативный авт.	Рено Дастер	К 495 ОН 198	ON	3	2026-04-22 13:49:00.504917	\N
13	Хозяйственный авт.	GAZelle NEXT	К 573 ОН 198	ON	3	2026-04-22 13:49:00.504917	\N
14	АЦ 5,0-40	MAN TGM 18.330 4x4 BB	В 778 ОЕ 178	ON	4	2026-04-22 13:49:00.504917	\N
15	АЦ 5,0-40	MAN TGM 18.330 4x4 BB	В 779 ОЕ 178	ON	4	2026-04-22 13:49:00.504917	\N
16	АЦ 3,2-40	КАМАЗ 43265	Н 305 МС 198	ON	4	2026-04-22 13:49:00.504917	\N
17	АЦ 3,2-40	КАМАЗ 43265	Н 267 МС 198	ON	4	2026-04-22 13:49:00.504917	\N
18	Автобус	Вектор "NEXT"	Т 954 ОЕ 198	ON	4	2026-04-22 13:49:00.504917	\N
19	АЦ 4,0-40	КАМАЗ 43253	В 265 ХУ 198	ON	5	2026-04-22 13:49:00.504917	\N
20	АЦ 4,0-40	КАМАЗ 43253	В 312 ХУ 198	ON	5	2026-04-22 13:49:00.504917	\N
21	АЦ 4,0-40	КАМАЗ 43253	В 287 ХУ 198	ON	5	2026-04-22 13:49:00.504917	\N
22	АЦ 4,0-40	КАМАЗ 43253	В 315 ХУ 198	ON	5	2026-04-22 13:49:00.504917	\N
23	АЦ 3,5-40	МАЗ-5309	Т 357 ХВ 198	ON	6	2026-04-22 13:49:00.504917	\N
24	АЦ 3,5-40	МАЗ-5309	Т 002 УТ 198	ON	6	2026-04-22 13:49:00.504917	\N
25	АЦ 3,5-40	МАЗ-5309	А 034 ВО 778	ON	6	2026-04-22 13:49:00.504917	\N
26	АЦ 3,5-40	МАЗ-5309	Т 054 ХМ 198	ON	6	2026-04-22 13:49:00.504917	\N
27	АЛ-32	МАЗ-5340	Т 421 ХВ 198	ON	6	2026-04-22 13:49:00.504917	\N
28	АЛ-52	МАЗ-6312	Т 101 ХМ 198	ON	6	2026-04-22 13:49:00.504917	\N
29	АСО	МАЗ-5309	А 927 ЕН 778	ON	6	2026-04-22 13:49:00.504917	\N
30	АШ	ГАЗЕЛЬ	А 969 АХ 778	ON	6	2026-04-22 13:49:00.504917	\N
31	АШ	ГАЗЕЛЬ	А 028 ЕО 778	ON	6	2026-04-22 13:49:00.504917	\N
32	АЦ 3,2-40/4	КАМАЗ 43265	Н 147 ММ 198	ON	7	2026-04-22 13:49:00.504917	\N
33	АЦ 3,2-40/4	КАМАЗ 43265	Н 795 ЕН 198	ON	7	2026-04-22 13:49:00.504917	\N
34	АЦ 3,2-40/4	КАМАЗ 43265	Н 106 ММ 198	ON	7	2026-04-22 13:49:00.504917	\N
35	АЦ 3,2-40/4	КАМАЗ 43265	Н 157 ММ 198	ON	7	2026-04-22 13:49:00.504917	\N
36	АЛ-32	MAZ	С 787 ОС 198	ON	7	2026-04-22 13:49:00.504917	\N
37	АЛ-52	Урал	Т 993 ХА 198	ON	7	2026-04-22 13:49:00.504917	\N
38	Оперативный автомобиль	Хавал	А 466 ВС 778	ON	7	2026-04-22 13:49:00.504917	\N
39	Грузовой фургон	Соболь NN	У 574 МО 198	ON	7	2026-04-22 13:49:00.504917	\N
40	Газель NEXT	ГАЗ	Т 254 ВР 198	ON	7	2026-04-22 13:49:00.504917	\N
41	АЦ 4-40	КАМАЗ 43253	В 692 ОУ 198	ON	8	2026-04-22 13:49:00.504917	\N
42	АЦ 4-40	КАМАЗ 43253	В 603 ОУ 198	ON	8	2026-04-22 13:49:00.504917	\N
43	АВЗ	ГАЗ 33104	В 851 ОК 78	ON	8	2026-04-22 13:49:00.504917	\N
44	оперативный авт.	Форд Фокус	У 188 КО 178	ON	8	2026-04-22 13:49:00.504917	\N
45	оперативный авт.	HAVAL DARGO	Р 231 ВС 198	ON	8	2026-04-22 13:49:00.504917	\N
46	оперативный авт.	GAZelle NEXT	К 362 ОТ 198	ON	8	2026-04-22 13:49:00.504917	\N
47	автоприцеп	ЛАВ-81011	АУ 1027 78	ON	8	2026-04-22 13:49:00.504917	\N
48	АЦ 3,5-40 (5309)	МАЗ	Т 875 СМ 198	ON	9	2026-04-22 13:49:00.504917	\N
49	АЦ 3,5-40	MAN TGM	В 823 ТХ 178	ON	9	2026-04-22 13:49:00.504917	\N
50	АЦ 3,2 -40/4	Камаз 43265	Н 164 ВХ 198	ON	9	2026-04-22 13:49:00.504917	\N
51	АЦ 3,2-40/4	Камаз 43265	Н 267 МТ 198	ON	9	2026-04-22 13:49:00.504917	\N
52	АЛ-55	IVECO	В 866 ТН 98	ON	9	2026-04-22 13:49:00.504917	\N
53	оперативный авт.	Haval Dargo	У 897 УК 198	ON	9	2026-04-22 13:49:00.504917	\N
54	оперативный авт.	GAZelle NEXT	К 706 НТ 198	ON	9	2026-04-22 13:49:00.504917	\N
55	Хозяйственный авт.	GAZ Валдай	В 033 УН 98	ON	9	2026-04-22 13:49:00.504917	\N
56	оперативный авт.	Форд Фокус	В 577 УУ 178	ON	10	2026-04-22 13:49:00.504917	\N
57	АЦ 4-40	КАМАЗ 43253	В 477 ХВ 198	ON	11	2026-04-22 13:49:00.504917	\N
58	АЦ 3,5-40	MAN TGM	В 276 ТК 178	ON	11	2026-04-22 13:49:00.504917	\N
59	АЛ-50	МАЗ	Т 089 УС 198	ON	11	2026-04-22 13:49:00.504917	\N
60	АЛ-34	КАМАЗ 53605	А 619 ВТ 778	ON	11	2026-04-22 13:49:00.504917	\N
61	АГ-30	МАЗ	С 734 ТХ 198	ON	11	2026-04-22 13:49:00.504917	\N
62	АГ-30	МАЗ	А 159 ВТ 778	ON	11	2026-04-22 13:49:00.504917	\N
63	оперативный авт.	Форд Фокус	Х 039 УХ 178	ON	11	2026-04-22 13:49:00.504917	\N
64	оперативный авт.	Форд Фокус	У 023 СВ 178	ON	11	2026-04-22 13:49:00.504917	\N
65	Хозяйственный авт.	GAZelle NEXT	К 127 КВ 198	ON	11	2026-04-22 13:49:00.504917	\N
66	АЦ 3,2-40/4	КАМАЗ 43265	Н 433 МЕ 198	ON	11	2026-04-22 13:49:00.504917	\N
67	АЦ 3,2-40/4	КАМАЗ 43265	Н 538 МЕ 198	ON	11	2026-04-22 13:49:00.504917	\N
68	АЦ2,5-50/5,5	МАЗ	Т037УС 198	ON	12	2026-04-22 13:49:00.504917	\N
69	АЦ 5,0-40	MAN TGM	В 062 СС 178	ON	12	2026-04-22 13:49:00.504917	\N
70	АЦ 3,5-40	MAN TGM	В 275 ТК 178	ON	12	2026-04-22 13:49:00.504917	\N
71	АЦ 3,5-40	МАЗ 5309	Т 187 УС 198	ON	12	2026-04-22 13:49:00.504917	\N
72	АЛ-52	УРАЛ С35510	Х 702 МН 198	ON	12	2026-04-22 13:49:00.504917	\N
73	АЛ-32	МАЗ 5340	Т 230 УС 198	ON	12	2026-04-22 13:49:00.504917	\N
74	АЦ 2,5-50	IVECO	В 199 ТС 98	ON	13	2026-04-22 13:49:00.504917	\N
75	АЦ 4,0-40	КАМАЗ 43253	А 104 НС 198	ON	13	2026-04-22 13:49:00.504917	\N
76	АЦ 1,5-40	ДЖАК	С 364СХ 198	ON	13	2026-04-22 13:49:00.504917	\N
77	АПП-0,8	ГАЗ "Валдай" 331041	В 862 ТХ 98	ON	13	2026-04-22 13:49:00.504917	\N
78	АЛ-55	IVECO	В 202 ТС 98	ON	13	2026-04-22 13:49:00.504917	\N
79	Оперативный авт.	Форд Фокус	В 800 ТЕ 98	ON	13	2026-04-22 13:49:00.504917	\N
80	Оперативный авт.	Форд Фокус	Т 644 УР 178	ON	13	2026-04-22 13:49:00.504917	\N
81	Лодка моторная	Фаворит	РЛА 13-44	ON	13	2026-04-22 13:49:00.504917	\N
82	Автоприцеп	SHARK 9	АТ 8999678	ON	13	2026-04-22 13:49:00.504917	\N
83	Хозяйственный авт.	GAZ -А22R32 NEXT	К 259 РВ 198	ON	13	2026-04-22 13:49:00.504917	\N
84	Лодка гребная	спасательная	\N	ON	13	2026-04-22 13:49:00.504917	\N
85	АЦ 5,0-40	MAN TGM 18.340	В 353 СС 178	ON	14	2026-04-22 13:49:00.504917	\N
86	АЦ 3,5-40	MAN TGM 15.340	В 876 УВ 178	ON	14	2026-04-22 13:49:00.504917	\N
87	АЦ 5,0-40	MAN TGM 18.340	B 027 РМ 178	ON	14	2026-04-22 13:49:00.504917	\N
88	АЦ 5,0-40	MAN TGM 18.340	В 028РМ 178	ON	14	2026-04-22 13:49:00.504917	\N
89	АЛ-32	МАЗ 5340	С 599 ОС 198	ON	14	2026-04-22 13:49:00.504917	\N
90	Оперативный Авт	Газель NEXT	К 654 ОА 198	ON	14	2026-04-22 13:49:00.504917	\N
91	АЦ 3-40	УРАЛ 43206	К 651 ХХ 198	ON	15	2026-04-22 13:49:00.504917	\N
92	АЦ 4-40	КАМАЗ 43253	А 106 НО 198	ON	15	2026-04-22 13:49:00.504917	\N
93	АЦ-4-40	КАМАЗ 43253	Е 550 ЕУ 198	ON	15	2026-04-22 13:49:00.504917	\N
94	оперативный	ФОРД ФОКУС	Х 510 УК 198	ON	15	2026-04-22 13:49:00.504917	\N
95	хозяйственный	ГАЗ-331043 "ВАЛДАЙ"	В 267 ТС 98	ON	15	2026-04-22 13:49:00.504917	\N
96	АЦ 3,5-40	MAN TGM	В 796 ТО 178	ON	16	2026-04-22 13:49:00.504917	\N
97	АЦ 5,0-40	MAN TGM	В 098 РО 178	ON	16	2026-04-22 13:49:00.504917	\N
98	АЦ 3,5-40	МАZ	Т 411 ТХ 198	ON	16	2026-04-22 13:49:00.504917	\N
99	АЦ 5,0-40	MAN TGM	В 099 РО 178	ON	16	2026-04-22 13:49:00.504917	\N
100	АЛ-30	IVECO DLK 23-12	В 626 ЕУ 98	ON	16	2026-04-22 13:49:00.504917	\N
101	АЛ-32	МАZ	Т 474 ТХ 198	ON	16	2026-04-22 13:49:00.504917	\N
102	оперативный авт.	Форд 222 78А	Х 725 УР 178	ON	16	2026-04-22 13:49:00.504917	\N
103	оперативный авт.	Haval Dargo	А 338 АМ 778	ON	16	2026-04-22 13:49:00.504917	\N
104	Хозяйственный авт.	GAZelle NEXT F22R32	К 277 НТ 178	ON	16	2026-04-22 13:49:00.504917	\N
105	АЦ-3,5-40/4	MAN TGM 15.340	В 640 ТУ 178	ON	17	2026-04-22 13:49:00.504917	\N
106	АЦ-3,5-40/4	MAN TGM 15.340	В 641 ТУ 178	ON	17	2026-04-22 13:49:00.504917	\N
107	АЦ-3,0-40	КАМАЗ 43253	М 830 МН 198	ON	17	2026-04-22 13:49:00.504917	\N
108	АЦ-5,0-40	MAN TGM 18.340	В 898 РЕ 178	ON	17	2026-04-22 13:49:00.504917	\N
109	АГ	MAN TGM 15.340 035-МИ	У 519 ОХ 178	ON	17	2026-04-22 13:49:00.504917	\N
110	АГ	МАЗ 5340	С 048 РВ 198	ON	17	2026-04-22 13:49:00.504917	\N
111	АЛ-30	IVECO DLK 23-12	В 698 МН 98	ON	17	2026-04-22 13:49:00.504917	\N
112	АЛ-50	АЛ 52 (СЗ 5510)	У 176 ТА 198	ON	17	2026-04-22 13:49:00.504917	\N
113	АБГ-3	MAN TGM 15.340 036-МИ	У 518 ОХ 178	ON	17	2026-04-22 13:49:00.504917	\N
114	АПП-0,8-20/200	IVECO 28580А	В 210 УА 98	ON	17	2026-04-22 13:49:00.504917	\N
115	АСА-5	ГАЗ 2705-01НН	В 212 НВ 98	ON	17	2026-04-22 13:49:00.504917	\N
116	оперативный авт.	HAVAL DARGO	У 959 ХУ 198	ON	17	2026-04-22 13:49:00.504917	\N
117	оперативный авт.	ГАЗ GAZELLE NEXT	К 636 КМ 198	ON	17	2026-04-22 13:49:00.504917	\N
118	Хозяйственный авт.	ГАЗ 331043	В 287 УА 98	ON	17	2026-04-22 13:49:00.504917	\N
119	АЦ-5,0-40	MAN TGM 18.340	В 899 РЕ 179	ON	18	2026-04-22 13:49:00.504917	\N
120	АЦ-3.2-40/4	КАМАЗ-43265	Н 737 ЕС 198	ON	18	2026-04-22 13:49:00.504917	\N
121	АЦ-4,0-40	КАМАЗ 43253	Е 029 ВК 198	ON	18	2026-04-22 13:49:00.504917	\N
122	АЦ-3.2-40/4	КАМАЗ-43265	Н 824 ЕС 198	ON	18	2026-04-22 13:49:00.504917	\N
123	оперативный авт.	Форд Фокус	Т 996 ОЕ 178	ON	19	2026-04-22 13:49:00.504917	\N
124	АЦ 5,0-40	MAN TGM	В 321 ОС 178	ON	20	2026-04-22 13:49:00.504917	\N
125	АЦ 3,7-40	MAN TGM	У 321 МТ 178	ON	20	2026-04-22 13:49:00.504917	\N
126	АЦ 3,2 -40/4	КАМАЗ 43265	Н 232 МЕ 198	ON	20	2026-04-22 13:49:00.504917	\N
127	АЦ 4,0-40	КАМАЗ 43253	В 608 УТ 198	ON	20	2026-04-22 13:49:00.504917	\N
128	АКП-50	IVECO	В 761 НХ 98	ON	20	2026-04-22 13:49:00.504917	\N
129	оперативный автомобиль	HAVAL DRAGO	А 693АЕ 778	ON	20	2026-04-22 13:49:00.504917	\N
130	оперативный автомобиль	Форд Фокус	Х 155 УВ 178	ON	20	2026-04-22 13:49:00.504917	\N
131	грузопассажирский автомобиль	ГАЗ А22R32	К 099 В 198	ON	20	2026-04-22 13:49:00.504917	\N
132	лодка	Фаворит	РЛА-14-72	ON	20	2026-04-22 13:49:00.504917	\N
133	полуприцеп для лодки	ЛАВ-81015	АН 1158 78	ON	20	2026-04-22 13:49:00.504917	\N
134	полуприцеп	ЛАВ-81011	АТ 7661 78	ON	20	2026-04-22 13:49:00.504917	\N
135	АЦ-3,2-40	КАМАЗ (43265)	Н 671 МК 198	ON	21	2026-04-22 13:49:00.504917	\N
136	АЦ-3,5-40	MAN TGM	В 916 УВ 178	ON	21	2026-04-22 13:49:00.504917	\N
137	АЦ-3,5-40	MAN TGM	В 915 УВ 178	ON	21	2026-04-22 13:49:00.504917	\N
138	АЦ-5,0-40	MAN TGM	В 044 ТВ 178	ON	21	2026-04-22 13:49:00.504917	\N
139	АР-2	MAN TGM	В 366 ОМ 178	ON	21	2026-04-22 13:49:00.504917	\N
140	АР-2	Камаз(43502)	Н 378 РВ 198	ON	21	2026-04-22 13:49:00.504917	\N
141	ПНС-110	Камаз(43114)	В 251 КУ 98	ON	21	2026-04-22 13:49:00.504917	\N
142	ПНС-130	Камаз(43118)	Н 419 РВ 198	ON	21	2026-04-22 13:49:00.504917	\N
143	АКП-54	IVECO	В 253 КУ 98	ON	21	2026-04-22 13:49:00.504917	\N
144	АЛ-30	IVECO	В 591 МО 98	ON	21	2026-04-22 13:49:00.504917	\N
145	Оперативный авт.	RENAULT DUSTER HRSGAN	К 501 ЕУ 198	ON	21	2026-04-22 13:49:00.504917	\N
146	Оперативный авт.	Форд Фокус	Х 227 УМ 47	ON	21	2026-04-22 13:49:00.504917	\N
147	Хозяйственный авт.	ГАЗ-Газель НЕКСТ	К 513 ЕУ 198	ON	21	2026-04-22 13:49:00.504917	\N
148	Прицеп лодочный	МЗСА-817708	ВА 4363 78	ON	21	2026-04-22 13:49:00.504917	\N
149	Автоприцеп	ЛАВ-81011	АТ 7864 78	ON	21	2026-04-22 13:49:00.504917	\N
150	АЦ-4.0-40	КамАЗ-43253	А 173 ОС 198	ON	22	2026-04-22 13:49:00.504917	\N
151	АЦ 3,2-40	КамАЗ-43265	Н 878 МК 198	ON	22	2026-04-22 13:49:00.504917	\N
152	АЦ 3,2-40	КамАЗ-43265	Н 734 МК 198	ON	22	2026-04-22 13:49:00.504917	\N
153	АЦ-3,2-40	КамАЗ-43265	Н 450 МЕ 198	ON	22	2026-04-22 13:49:00.504917	\N
154	АЦ 4.0-40	КАМАЗ-43253	Е 306 НА 198	ON	23	2026-04-22 13:49:00.504917	\N
155	АЦ 4.0-40	КАМАЗ-43253	Е 267 НА 198	ON	23	2026-04-22 13:49:00.504917	\N
156	АЦ 3.0-40	КАМАЗ-43253	К 760 ХХ 198	ON	23	2026-04-22 13:49:00.504917	\N
157	АЦ 3.0-40	КАМАЗ-43253	К 773 ХХ 198	ON	23	2026-04-22 13:49:00.504917	\N
158	АГ 30	MAЗ 5340	С 435 РН 198	ON	24	2026-04-22 13:49:00.504917	\N
159	АГ 30	MAN TGM 15,340	У 586 КН 178	ON	24	2026-04-22 13:49:00.504917	\N
160	АЦ 3,0-40	КАМАЗ 43253	К 728 ХХ 198	ON	24	2026-04-22 13:49:00.504917	\N
161	АЦ 3,0-40	КАМАЗ 43253	К 719 ХХ 198	ON	24	2026-04-22 13:49:00.504917	\N
162	АКП-78	MERSEDES-BENZ ACTROS 4150	В 835 УТ 98	ON	24	2026-04-22 13:49:00.504917	\N
163	АШ	Фиат DUCATO	В 088 ВС 178	ON	24	2026-04-22 13:49:00.504917	\N
164	вспомогательный автомобиль	ГАЗ-2217	В 681 ТН 98	ON	24	2026-04-22 13:49:00.504917	\N
243	ТРАКТОР	FOTON ТВ404	3475 РХ 78	ON	30	2026-04-22 13:49:00.504917	\N
165	прицеп лодочный                    + лодка RIB Sky Boat 360	ЛАВ-81015	ВВ 6559 78	ON	24	2026-04-22 13:49:00.504917	\N
166	АЦ 4,0-40	КАМАЗ 43253	А 143 НК 198	ON	25	2026-04-22 13:49:00.504917	\N
167	АЦ 4,0-40	КАМАЗ 43253	В 288 РХ 198	ON	25	2026-04-22 13:49:00.504917	\N
168	АЦ 4,0-40	КАМАЗ 43253	В 225 РХ 198	ON	25	2026-04-22 13:49:00.504917	\N
169	АЦ 3,7-50	МАЗ 5340	Х 458 НН 178	ON	25	2026-04-22 13:49:00.504917	\N
170	АЦ 3,2-40	КАМАЗ 43265	Н 292 ВХ 198	ON	26	2026-04-22 13:49:00.504917	\N
171	АЦ 3,0-40	УРАЛ  43206	М 876 КН 198	ON	26	2026-04-22 13:49:00.504917	\N
172	АЦ 3,7-50	МАЗ 5340	Х 459 НН 178	ON	26	2026-04-22 13:49:00.504917	\N
173	АЦ 3,2-40/4	КАМАЗ 43265	Н 355 ВХ 198	ON	26	2026-04-22 13:49:00.504917	\N
174	АПТ	КАМАЗ 53228	В 661 СТ 98	ON	26	2026-04-22 13:49:00.504917	\N
175	АЛ-50	УРАЛ  С35510	А 058 КУ 778	ON	26	2026-04-22 13:49:00.504917	\N
176	АЦКП	IVECO	В 047 ТО 98	ON	26	2026-04-22 13:49:00.504917	\N
177	оперативный авт.	Форд "Фокус"	Х 830 ТХ 178	ON	26	2026-04-22 13:49:00.504917	\N
178	оперативный авт.	Газель "Некст"	К 569 СЕ 198	ON	26	2026-04-22 13:49:00.504917	\N
179	Хозяйственный авт.	Газель "Некст"	К 527 СЕ 198	ON	26	2026-04-22 13:49:00.504917	\N
180	Трактор	НТЗ-82 "Беларусь"	9475 РС 78	ON	26	2026-04-22 13:49:00.504917	\N
181	Автобус	КАВЗ-4235-33	В 961 АР 178	ON	26	2026-04-22 13:49:00.504917	\N
182	АЦ 3,5-40.4	MAN TGM 15.340	С 517 ХХ 178	ON	27	2026-04-22 13:49:00.504917	\N
183	АЦ 3,5-40.4	MAN TGM 15.340	С 518 ХХ 178	ON	27	2026-04-22 13:49:00.504917	\N
184	АЦ 2,5-50/5,5	IVECO	В 086 УТ 98	ON	27	2026-04-22 13:49:00.504917	\N
185	АЦ 4,0-40	КАМАЗ 43253	Е 247 ВР 198	ON	27	2026-04-22 13:49:00.504917	\N
186	АПП-0,8-20/200	IVECO	В 066 УР 98	ON	27	2026-04-22 13:49:00.504917	\N
187	АГ-30	МАЗ	С 707 ХВ 198	ON	27	2026-04-22 13:49:00.504917	\N
188	АГ-30	MAN TGM 15.340	У 963 ОМ 178	ON	27	2026-04-22 13:49:00.504917	\N
189	АЛ-30	IVECO	В 065 УР 98	ON	27	2026-04-22 13:49:00.504917	\N
190	АПК-78	MERCEDES BENZ 4150	В 937 УТ 98	ON	27	2026-04-22 13:49:00.504917	\N
191	оперативный авт.	HAVEL	О 007 ОС 78	ON	27	2026-04-22 13:49:00.504917	\N
192	оперативный авт.	FORD FOCUS	A098АВ198	ON	27	2026-04-22 13:49:00.504917	\N
193	Хозяйственный авт.	GAZelle NEXT	К 723 СЕ 198	ON	27	2026-04-22 13:49:00.504917	\N
194	АЦ 1,5-40	JAC	С 004 НО 198	ON	28	2026-04-22 13:49:00.504917	\N
195	АЦ 1,5-40	JAC	С 005 НО 198	ON	28	2026-04-22 13:49:00.504917	\N
196	АЦ 2,5-50/5,5	IVECO (ML120E25D)	В 703 ВА 178	ON	28	2026-04-22 13:49:00.504917	\N
197	оперативный авт.	Ford Fосus	Х 328 ТХ 178	ON	28	2026-04-22 13:49:00.504917	\N
198	оперативный авт.	Ford Transit	Т 607 РР 178	ON	28	2026-04-22 13:49:00.504917	\N
199	оперативный авт.	GAZelle NEXT	М 529 КМ 198	ON	28	2026-04-22 13:49:00.504917	\N
200	лодка гребная	спасательная	\N	ON	28	2026-04-22 13:49:00.504917	\N
201	оперативный авт.	sobol NN "АВРОРА"	У 782 ТО 198	ON	28	2026-04-22 13:49:00.504917	\N
202	легк.авт.	Форд-фокус	А 760 ОА 178	ON	29	2026-04-22 13:49:00.504917	\N
203	легк.авт.	LADA LARGUS	М 283 ТМ 198	ON	29	2026-04-22 13:49:00.504917	\N
204	легк.авт.	LADA NIVA	Н 696 ВК 198	ON	29	2026-04-22 13:49:00.504917	\N
205	легк.авт.	LADA VESTA	С 187 ХС 198	ON	29	2026-04-22 13:49:00.504917	\N
206	Хозяйственный авт.	GAZelle NEXT	К 799 МЕ 198	ON	29	2026-04-22 13:49:00.504917	\N
207	Хозяйственный авт.	ГАЗ 2705	В 376 АС 178	ON	29	2026-04-22 13:49:00.504917	\N
208	ПХРЛ	Форд Транзит	В 750 НР 178	ON	29	2026-04-22 13:49:00.504917	\N
209	ТРАКТОР	FOTON ТВ404	19-12 РА 78	ON	29	2026-04-22 13:49:00.504917	\N
210	ППУГ	Волжанин 528501	О 030 СМ 78	ON	30	2026-04-22 13:49:00.504917	\N
211	грузовой специальный	MERCEDES BENZ	А 281 АА 98	ON	30	2026-04-22 13:49:00.504917	\N
212	3227SMАвтом-ль спец-ый	3227SM	Х610ТХ178	ON	30	2026-04-22 13:49:00.504917	\N
213	автобус	GAZelle NEXT	С226ОН198	ON	30	2026-04-22 13:49:00.504917	\N
214	автобус	Ford-222700	А 545 АА 98	ON	30	2026-04-22 13:49:00.504917	\N
215	эвакуатор Чайка-Сервис	4784FM	В 131 КС 178	ON	30	2026-04-22 13:49:00.504917	\N
216	АВТОКРАН	КС-45717 К-1	В 898 ЕВ 98	ON	30	2026-04-22 13:49:00.504917	\N
217	тягач бортовой	КАМАЗ 53215	В 691 МА 98	ON	30	2026-04-22 13:49:00.504917	\N
218	самосвал	КАМАЗ-65115	В 753 ТС 98	ON	30	2026-04-22 13:49:00.504917	\N
219	хозяйственный авт.	ГАЗ-331041"Валдай"	В 693 МА 98	ON	30	2026-04-22 13:49:00.504917	\N
220	грузовой фургон	ГАЗ-2705	У625 КВ 178	ON	30	2026-04-22 13:49:00.504917	\N
221	грузопассажирский авт.	ГАЗ-2705	В 160 ХМ 98	ON	30	2026-04-22 13:49:00.504917	\N
222	грузопассажирский авт.	ГАЗ -2705	А 245АА 98	ON	30	2026-04-22 13:49:00.504917	\N
223	легк.авт.	Форд Турнео	А 837  АА 98	ON	30	2026-04-22 13:49:00.504917	\N
224	легк. авт.	Форд Фокус	А 244 АА 98	ON	30	2026-04-22 13:49:00.504917	\N
225	легк.авт.	Форд Фокус	А 246  АА98	ON	30	2026-04-22 13:49:00.504917	\N
226	легк. авт.	Форд Фокус	А 247 АА 98	ON	30	2026-04-22 13:49:00.504917	\N
227	легк.авт.	Форд Фокус	А 248 АА98	ON	30	2026-04-22 13:49:00.504917	\N
228	легк.авт.	Форд Фокус	А 249 АА98	ON	30	2026-04-22 13:49:00.504917	\N
229	легк. авт.	Форд Фокус	Н 106 ВМ 198	ON	30	2026-04-22 13:49:00.504917	\N
230	легк. авт.	Форд Фокус	А 252 АА 98	ON	30	2026-04-22 13:49:00.504917	\N
231	легк. авт.	Волга  "Сайбер"	О 512 АО 98	ON	30	2026-04-22 13:49:00.504917	\N
232	легк. авт.	УАЗ Патриот	А 836 АА 98	ON	30	2026-04-22 13:49:00.504917	\N
233	легк. авт.	LADA VESTA	С 064 ОН 198	ON	30	2026-04-22 13:49:00.504917	\N
234	легк. авт.	LADA VESTA	С 025 ОН 198	ON	30	2026-04-22 13:49:00.504917	\N
235	легк. авт.	LADA VESTA	С 236 ОН 198	ON	30	2026-04-22 13:49:00.504917	\N
236	легк. авт.	LADA VESTA	С 173 ОН 198	ON	30	2026-04-22 13:49:00.504917	\N
237	легк. авт.	Москвич 3Е	С 144 ОН 198	ON	30	2026-04-22 13:49:00.504917	\N
238	легк. авт.	Москвич 3Е	С 101 ОН 198	ON	30	2026-04-22 13:49:00.504917	\N
239	грузовой бортовой авт.	GAZELLE NEXT A22R32	С 400 ОН 198	ON	30	2026-04-22 13:49:00.504917	\N
240	грузовой бортовой авт.	GAZELLE NEXT A22R32	С 475 ОН 198	ON	30	2026-04-22 13:49:00.504917	\N
241	легк. авт.	ВАЗ-21154	В 494 УХ 98	ON	30	2026-04-22 13:49:00.504917	\N
242	Экскаватор-погрузчик	VOLVO	7140 РР 78	ON	30	2026-04-22 13:49:00.504917	\N
244	легк. авт.	HAVAL DARGO	А 509 ВК 788	ON	30	2026-04-22 13:49:00.504917	\N
245	легк. авт.	HAVAL DARGO	А 437 ВК 788	ON	30	2026-04-22 13:49:00.504917	\N
246	легк. авт.	HAVAL DARGO	А 074 ВК 788	ON	30	2026-04-22 13:49:00.504917	\N
247	АЦ-3,0-40	КАМАЗ-43253	Х 838 ХН 178	ON	31	2026-04-22 13:49:00.504917	\N
248	АЦ-1,6-40	ГАЗ-3897N	М 909 МР 198	ON	31	2026-04-22 13:49:00.504917	\N
249	АСА	ГАЗ 3917 М5	В 817 СТ 98	ON	31	2026-04-22 13:49:00.504917	\N
250	АСА	ГАЗ 3917 МZ	В 946 XE 98	ON	31	2026-04-22 13:49:00.504917	\N
251	АСА	ГАЗ 279081	С354НО198	ON	31	2026-04-22 13:49:00.504917	\N
252	Автобус	ПАЗ 4234	В 189 УВ 98	ON	31	2026-04-22 13:49:00.504917	\N
253	Микроавтоб.	Фиат Дукато	В 260 ВА 178	ON	31	2026-04-22 13:49:00.504917	\N
254	Легковая	LADA VESTA	K 916 ТМ 198	ON	31	2026-04-22 13:49:00.504917	\N
255	Автобус	Газель NEXT	Т 352 ХС 198	ON	31	2026-04-22 13:49:00.504917	\N
256	АТ легковой автомобиль	LADA VESTA	С764СН 198	ON	32	2026-04-22 13:49:00.504917	\N
257	АТ легковой автомобиль	УАЗ Патриот	М 445 КЕ 198	ON	32	2026-04-22 13:49:00.504917	\N
258	АТ легковой автомобиль	УАЗ Патриот	Х032РР 179	ON	32	2026-04-22 13:49:00.504917	\N
259	АТ легковой автомобиль	KIA Sportage	В 225 УН 178	ON	32	2026-04-22 13:49:00.504917	\N
260	АТ легковой автомобиль	KIA SORENTO	В 888 ТХ 178	ON	32	2026-04-22 13:49:00.504917	\N
261	АТ оперативно-служебный авт.	KIA SORENTO	В 999 СА 178	ON	32	2026-04-22 13:49:00.504917	\N
262	АТ легковой автомобиль	KIA SORENTO	В 876 АР 198	ON	32	2026-04-22 13:49:00.504917	\N
263	АТ грузовой автомобиль	2322Р5 (МАКАР)	М676ВА 198	ON	32	2026-04-22 13:49:00.504917	\N
264	АТ грузовой автомобиль	57964L (ГАЗ А22R22)	Т710ВВ 198	ON	32	2026-04-22 13:49:00.504917	\N
265	АТ автобус	ПАЗ 320455-04 Vector NEXT	Т614НТ198	ON	32	2026-04-22 13:49:00.504917	\N
266	АТ АСВ	3009SY (ГАЗ-А32R22)	Х790НМ178	ON	32	2026-04-22 13:49:00.504917	\N
267	АТ АСА	АВРОРА (Соболь НН)	Т896РМ 198	ON	32	2026-04-22 13:49:00.504917	\N
268	АТ грузовой автомобиль c КМУ	780520	В 590 РА 198	ON	32	2026-04-22 13:49:00.504917	\N
269	АТ автокран	КС-55713-1 (кран 25т.)	В 138 МХ 178	ON	32	2026-04-22 13:49:00.504917	\N
270	АТ автокран	КС-65713-1 (кран 50т.)	Т 289 ТР 198	ON	32	2026-04-22 13:49:00.504917	\N
271	АТ оперативно-служебный авт.	УАЗ Патриот	К 066 АА 198	ON	33	2026-04-22 13:49:00.504917	\N
272	АТ АСА	2327NТ (FORD TRANSIT)	К235УХ 198	ON	33	2026-04-22 13:49:00.504917	\N
273	АТ АСА	"ПОЖСНАБ" (МАЗ 4371)	У 118 ХС 198	ON	33	2026-04-22 13:49:00.504917	\N
274	АТ АСА	FORD TRANSIT 460L EF	М293ОН 198	ON	33	2026-04-22 13:49:00.504917	\N
275	АТ АСА-СВ	271941 (ГАЗ-А32R23)	В 150 ТР 198	ON	33	2026-04-22 13:49:00.504917	\N
276	АТ АГСО	120210-01 (ПАЗ 320530-04)	Е372ВО 198 RUS	ON	33	2026-04-22 13:49:00.504917	\N
277	АТ оперативно-служебный авт.	"Renault Duster"	А 422 ЕР 198	ON	34	2026-04-22 13:49:00.504917	\N
278	ПС маломерное моторное судно	"АЛЯСКА SM 1163"	РЛА 18-89	ON	35	2026-04-22 13:49:00.504917	\N
279	ПС маломерное моторное судно	"Охта-24"	РЛА 18-90	ON	35	2026-04-22 13:49:00.504917	\N
280	ПС маломерное моторное судно	БЛ-820	АО 01-14 rus78	ON	35	2026-04-22 13:49:00.504917	\N
281	ПС маломерное моторное судно	JAEGER М-600	AO 02-80 rus 78	ON	35	2026-04-22 13:49:00.504917	\N
282	ПС маломерное моторное судно	JAEGER М-600SW	АО 01-02 rus 78	ON	35	2026-04-22 13:49:00.504917	\N
283	ПС маломерное моторное судно	БЛ-820	РЛА 20-85	ON	35	2026-04-22 13:49:00.504917	\N
284	ПС маломерное моторное судно	БЛ МСС-820	AH 25-48 rus78	ON	35	2026-04-22 13:49:00.504917	\N
285	ПС маломерное моторное судно	"Буревестник Б790"	АН 26-87 rus78	ON	35	2026-04-22 13:49:00.504917	\N
286	ПС маломерное моторное судно	"Урал-650"	РЛА 22-32	ON	35	2026-04-22 13:49:00.504917	\N
287	ПС СВП	"ХИВУС-10"	№ РЛА 19-41	ON	35	2026-04-22 13:49:00.504917	\N
288	ПС СВП	"Славир-9"	АО 06-48 rus78	ON	35	2026-04-22 13:49:00.504917	\N
289	ПС СОК	"Север 750К"	АО 03-57 rus78	ON	35	2026-04-22 13:49:00.504917	\N
290	ПС СВП	"Славир 9У"	АН 23-45 rus78	ON	35	2026-04-22 13:49:00.504917	\N
291	ПС моторно-гребная лодка	"Пелла-Фиорд"	б\\н	ON	35	2026-04-22 13:49:00.504917	\N
292	ПС СОК	АР11220000ГЧ (Нерпа)	AO 01-01 rus 78	ON	35	2026-04-22 13:49:00.504917	\N
293	АТ снегоболотоход	ШЕРП N	6161 СЕ 78RUS	ON	35	2026-04-22 13:49:00.504917	\N
294	ПС Гидроцикл	SEA DOO FISH PRO SPORT IDF 170	АН 13-44 rus78	ON	35	2026-04-22 13:49:00.504917	\N
295	АТ АСВ	Ford-Transit	А671НХ 198	ON	35	2026-04-22 13:49:00.504917	\N
296	АТ АСА-СВ	ИАЦ-1767М9 (ГАЗ-А31R23)	Е 118 УК 198	ON	35	2026-04-22 13:49:00.504917	\N
297	АТ снегоход	Yamaha VK540E	РК 6527 78	ON	35	2026-04-22 13:49:00.504917	\N
298	АТ снегоболотоход	Stels ATV800 Гепард	4533 СТ 78	ON	35	2026-04-22 13:49:00.504917	\N
299	АТ снегоболотоход	Stels ATV800 Гепард	4532 СТ 78	ON	35	2026-04-22 13:49:00.504917	\N
300	АТ АСВ	578222 МАКАР (КамАЗ)	Н296В М198	ON	35	2026-04-22 13:49:00.504917	\N
301	ПС маломерное моторное судно	"ФАВОРИТ F-470"	АН 34-50 rus78	ON	36	2026-04-22 13:49:00.504917	\N
302	ПС моторно-гребная лодка	"Пелла-Фиорд"	б\\н	ON	37	2026-04-22 13:49:00.504917	\N
303	ПС СВП	"ХИВУС-10"	РЛА 23-97	ON	38	2026-04-22 13:49:00.504917	\N
304	АТ мотовездеход	Yamaha YFM700FWAD	4248 РК 78	ON	39	2026-04-22 13:49:00.504917	\N
305	АТ снегоболотоход	Stels ATV800 Гепард	43-86 СТ 78	ON	40	2026-04-22 13:49:00.504917	\N
306	АТ снегоход	"Yamaha" VK-540E	9504 РХ 78	ON	41	2026-04-22 13:49:00.504917	\N
307	ПС Гидроцикл	YAMAHA VX CRUISER VC1800-U	АН 21-72 rus78	ON	42	2026-04-22 13:49:00.504917	\N
308	АТ оперативно-служебный авт.	"Renault Duster"	М285ОК 198	ON	43	2026-04-22 13:49:00.504917	\N
309	ПС моторно-гребная лодка	"Пелла-Фиорд"	б/н	ON	44	2026-04-22 13:49:00.504917	\N
310	ПС гребная лодка	Волга	б/н	ON	44	2026-04-22 13:49:00.504917	\N
311	АТ снегоболотоход	Stels ATV800 Гепард	4388 СТ 78	ON	44	2026-04-22 13:49:00.504917	\N
312	ПС маломерное моторное судно	"Фаворит F-470"	АН 34-49 rus78	ON	44	2026-04-22 13:49:00.504917	\N
313	ПС Гидроцикл	SEA-DOO RXT-325-X	АН 35-16 rus78	ON	44	2026-04-22 13:49:00.504917	\N
314	ПС моторно-гребная лодка	"Пелла-Фиорд"	б/н	ON	45	2026-04-22 13:49:00.504917	\N
315	ПС маломерное моторное судно	"ФАВОРИТ F-470"	АН 34-52 rus78	ON	45	2026-04-22 13:49:00.504917	\N
316	ПС гребная лодка	Волга	б/н	ON	45	2026-04-22 13:49:00.504917	\N
317	ПС маломерное моторное судно	"ФАВОРИТ 420"	РЛА 22-08	ON	46	2026-04-22 13:49:00.504917	\N
318	ПС маломерное моторное судно	"ФАВОРИТ F-470"	АН 34-57 rus78	ON	46	2026-04-22 13:49:00.504917	\N
319	АТ cнегоход	"Yamaha" VK-540E	9502 РХ 78	ON	46	2026-04-22 13:49:00.504917	\N
320	АТ АСА-СВ	271941 (ГАЗ-А32R23)	В 737 СА 198	ON	46	2026-04-22 13:49:00.504917	\N
321	АТ снегоболотоход	Stels ATV800 Гепард	4383 СТ 78	ON	46	2026-04-22 13:49:00.504917	\N
322	ПС СВП	"ХИВУС-10"	РЛА 21-79	ON	46	2026-04-22 13:49:00.504917	\N
323	ПС моторно-гребная лодка	"Пелла Фиорд"	б/н	ON	46	2026-04-22 13:49:00.504917	\N
324	ПС гребная лодка	Волга	б/н	ON	47	2026-04-22 13:49:00.504917	\N
325	ПС маломерное моторное судно	"РАПТОР М-620А"(115)	АО 04-87 rus78	ON	48	2026-04-22 13:49:00.504917	\N
326	ПС маломерное моторное судно	"TRIDENT Piton 720"	РЛА 22-92	ON	48	2026-04-22 13:49:00.504917	\N
327	ПС СВП	"СЛАВИР 9"	АН 11-93 rus78	ON	48	2026-04-22 13:49:00.504917	\N
328	ПС СВП	"СЛАВИР 9У"	АН 45-26 rus78	ON	48	2026-04-22 13:49:00.504917	\N
329	ПС маломерное моторное судно	"СЕВЕР 750К"	АО 03-56 rus 78	ON	48	2026-04-22 13:49:00.504917	\N
330	ПС маломерное моторное судно	БЛ-820 Спасатель Бахтюшев	АН 44-03 rus78	ON	48	2026-04-22 13:49:00.504917	\N
331	ПС маломерное моторное судно	БЛ-820	РЛА 21-68	ON	48	2026-04-22 13:49:00.504917	\N
332	ПС СВП	"ХИВУС-10"	РЛА 20-73	ON	48	2026-04-22 13:49:00.504917	\N
333	ПС маломерное моторное судно	"БУРЕВЕСТНИК Б-790"	АН 33-59 rus78	ON	48	2026-04-22 13:49:00.504917	\N
334	АТ снегоход	"Yamaha" VK-540E	6735 РУ 78	ON	48	2026-04-22 13:49:00.504917	\N
335	АТ снегоболотоход	Stels ATV800 Гепард	43-85 СТ 78	ON	48	2026-04-22 13:49:00.504917	\N
336	АТ АСА-БВС	2327NL (FORD TRANSIT)	Е 121 ВО 198	ON	48	2026-04-22 13:49:00.504917	\N
337	АТ экскаватор-погрузчик	TEREX 860	РХ 0629 78	ON	48	2026-04-22 13:49:00.504917	\N
338	АТ АСА-СВ	3009SY (ГАЗ-А32R22)	А448МЕ 198	ON	48	2026-04-22 13:49:00.504917	\N
339	ПС СВП	"ХИВУС-10"	РЛА 21-63	ON	49	2026-04-22 13:49:00.504917	\N
340	ПС СВП	"Славир-9У"	АН 34-60 rus 78	ON	49	2026-04-22 13:49:00.504917	\N
341	ПС маломерное моторное судно	БЛ-820	РЛА 18-88	ON	49	2026-04-22 13:49:00.504917	\N
342	ПС маломерное моторное судно	БЛ-820 Спасатель Сысоев Сергей Иванович	АН 34-61 rus 78	ON	49	2026-04-22 13:49:00.504917	\N
343	ПС маломерное моторное судно	"Раптор М-620А"(100)	АО 02-67 RUS78	ON	49	2026-04-22 13:49:00.504917	\N
344	ПС маломерное моторное судно	"ФАВОРИТ F-420"	РЛА 21-70	ON	49	2026-04-22 13:49:00.504917	\N
345	ПС маломерное моторное судно	RX-600	РЛА 18-28	ON	49	2026-04-22 13:49:00.504917	\N
346	АТ снегоболотоход	ШЕРП N	8020 СВ 78	ON	49	2026-04-22 13:49:00.504917	\N
347	АТ снегоболотоход	Stels ATV800 Гепард	4382 СТ 78	ON	49	2026-04-22 13:49:00.504917	\N
348	АТ снегоход	"Yamaha" VK-540E	9503 РУ 78	ON	49	2026-04-22 13:49:00.504917	\N
349	АТ АСА-СВ	3009SY (ГАЗ-А32R22)	Х789НМ 178	ON	49	2026-04-22 13:49:00.504917	\N
350	ПС моторно-гребная лодка	"Пелла-Фиорд"	б/н	ON	50	2026-04-22 13:49:00.504917	\N
351	АТ оперативно-служебный авт.	"Renault Duster"	А 271 ВН 198	ON	51	2026-04-22 13:49:00.504917	\N
352	ПС СВП	"АЭРОДЖЕТ 10М"	АО 02-40 rus78	ON	52	2026-04-22 13:49:00.504917	\N
353	ПС СВП	"ХИВУС-10"	РЛА 20-90	ON	52	2026-04-22 13:49:00.504917	\N
354	ПС моторно-гребная лодка	"Пелла-Фиорд"	б/н	ON	52	2026-04-22 13:49:00.504917	\N
355	ПС моторно-гребная лодка	"Пелла-Фиорд"	б/н	ON	52	2026-04-22 13:49:00.504917	\N
356	ПС моторно-гребная лодка	"Пелла-Фиорд"	б/н	ON	52	2026-04-22 13:49:00.504917	\N
357	ПС моторно-гребная лодка	"Пелла Фиорд"	б/н	ON	52	2026-04-22 13:49:00.504917	\N
358	ПС моторно-гребная лодка	"Пелла Фиорд"	б/н	ON	52	2026-04-22 13:49:00.504917	\N
359	ПС гребная лодка	"Волга"	б\\н	ON	52	2026-04-22 13:49:00.504917	\N
360	ПС маломерное моторное судно	РАПТОР М-620А(80)	АО 01-20 rus78	ON	52	2026-04-22 13:49:00.504917	\N
361	ПС маломерное моторное судно	РАПТОР М-620А(100)	AO 02-66 rus 78	ON	52	2026-04-22 13:49:00.504917	\N
362	ПС маломерное моторное судно	"ФАВОРИТ F420"	РЛА 22-07	ON	53	2026-04-22 13:49:00.504917	\N
363	ПС маломерное моторное судно	"ФАВОРИТ F-420"	АН 34-38 rus78	ON	53	2026-04-22 13:49:00.504917	\N
364	ПС маломерное моторное судно	"ФАВОРИТ F-420"	АН 34-41 RUS 78	ON	53	2026-04-22 13:49:00.504917	\N
365	ПС маломерное моторное судно	"РАПТОР М-620А"	АО 00-17 rus78	ON	53	2026-04-22 13:49:00.504917	\N
366	ПС моторно-гребная лодка	"Пелла Фиорд"	б/н	ON	53	2026-04-22 13:49:00.504917	\N
367	ПС моторно-гребная лодка	"Пелла-Фиорд"	б/н	ON	53	2026-04-22 13:49:00.504917	\N
368	ПС СВП	"Славир-5"	АО 05-96 rus78	ON	54	2026-04-22 13:49:00.504917	\N
369	ПС маломерное моторное судно	"РАПТОР М-620А"	АО 04-86 rus78	ON	54	2026-04-22 13:49:00.504917	\N
370	ПС маломерное моторное судно	RIB Мастер РМ-720	АН 44-89 rus78	ON	54	2026-04-22 13:49:00.504917	\N
371	ПС маломерное моторное судно	"РАПТОР М-620А"(115)	АО 03-59 rus78	ON	54	2026-04-22 13:49:00.504917	\N
372	АТ АСА	2322JP ЕГЕРЬ NEXT	С 996 АР 198	ON	55	2026-04-22 13:49:00.504917	\N
373	АТ Погрузчик	ЧЕТРА МКСМ 1000М	СВ 1488 78	ON	56	2026-04-22 13:49:00.504917	\N
374	АТ АСА	МАКАР 2871LА	Т 877 КЕ 198	ON	57	2026-04-22 13:49:00.504917	\N
375	АТ снегоболотоход	Stels ATV800 Гепард	4387 СТ 78	ON	58	2026-04-22 13:49:00.504917	\N
376	ПС СОК	"Север 750К"	АО 04-94 rus78	ON	59	2026-04-22 13:49:00.504917	\N
377	ПС маломерное моторное судно	РАПТОР М-620А(115)	АО 03-60 rus 78	ON	60	2026-04-22 13:49:00.504917	\N
378	ПС маломерное моторное судно	РибМастер РМ-720 ПСС Шустрый	АН 33-60 rus 78	ON	61	2026-04-22 13:49:00.504917	\N
379	ПС маломерное моторное судно	БЛ МСС-820 Спасатель Волошин	AH 22-36 rus78	ON	62	2026-04-22 13:49:00.504917	\N
380	ПС маломерное моторное судно	"РИБМАСТЕР РМ-720"	АН 26-31 rus78	ON	63	2026-04-22 13:49:00.504917	\N
381	ПС моторно-гребная лодка	"Пелла Фиорд"	б/н	ON	64	2026-04-22 13:49:00.504917	\N
382	ПС маломерное моторное судно	"ФАВОРИТ F-420"	АН 34-40 rus78	ON	65	2026-04-22 13:49:00.504917	\N
383	ПС моторно-гребная лодка	"Пелла Фиорд"	б/н	ON	65	2026-04-22 13:49:00.504917	\N
384	АТ снегоболотоход (квадроцикл)	YAMAHA YFM700FWAD	4249 РК 78	ON	65	2026-04-22 13:49:00.504917	\N
385	ПС СВП	"Славир-5"	АО 05-95 rus78	ON	66	2026-04-22 13:49:00.504917	\N
386	ПС моторно-гребная лодка	"Пелла Фиорд"	б/н	ON	66	2026-04-22 13:49:00.504917	\N
387	ПС маломерное моторное судно	"РАПТОР М-550А"(60)	АО 06-47 rus78	ON	66	2026-04-22 13:49:00.504917	\N
388	ПС маломерное моторное судно	"Piton Trident 520-p"	РЛА 23-55	ON	66	2026-04-22 13:49:00.504917	\N
389	АТ снегоболотоход	Stels ATV800 Гепард	43-84 СТ 78	ON	66	2026-04-22 13:49:00.504917	\N
390	ПС моторно-гребная лодка	"Пелла Фиорд"	б/н	ON	67	2026-04-22 13:49:00.504917	\N
391	ПС маломерное моторное судно	"ФАВОРИТ F420"	РЛА 21-71	ON	67	2026-04-22 13:49:00.504917	\N
392	ПС маломерное моторное судно	"ФАВОРИТ F-470"	АН 34-51 rus78	ON	67	2026-04-22 13:49:00.504917	\N
393	АТ cнегоход	"Yamaha" VK-540E	2373 РУ 78	ON	67	2026-04-22 13:49:00.504917	\N
394	ПС гребная лодка	Волга", б/н	б/н	ON	67	2026-04-22 13:49:00.504917	\N
395	ПС моторно-гребная лодка	"Пелла-Фиорд"	б/н	ON	68	2026-04-22 13:49:00.504917	\N
396	ПС моторно-гребная лодка	"Пелла-Фиорд"	б/н	ON	68	2026-04-22 13:49:00.504917	\N
397	ПС маломерное моторное судно	"ФАВОРИТ F-420"	АН 34-39 rus78	ON	68	2026-04-22 13:49:00.504917	\N
398	ПС гребная лодка	"Волга"	б/н	ON	68	2026-04-22 13:49:00.504917	\N
399	АТ cнегоход	"Yamaha" VK-540E	2372 РУ 78	ON	69	2026-04-22 13:49:00.504917	\N
400	ПС моторно-гребная лодка	"Пелла Фиорд"	б/н	ON	69	2026-04-22 13:49:00.504917	\N
401	ПС маломерное моторное судно	"ФАВОРИТ F-420"	АН 34-37 rus78	ON	69	2026-04-22 13:49:00.504917	\N
402	ПС СВП	"СЛАВИР 6"	АО 23-46 rus78	ON	69	2026-04-22 13:49:00.504917	\N
403	ПС маломерное моторное судно	"РАПТОР М-550А"(60)	AH 08-24 rus78	ON	69	2026-04-22 13:49:00.504917	\N
1	оперативный авт.	RENAULT Duster	К 911 НК 198	TO1	1	2026-04-22 13:49:00.504917	2026-04-24 13:43:58.189454
\.


--
-- Data for Name: maintenance; Type: TABLE DATA; Schema: public; Owner: test
--

COPY public.maintenance (id, note, date, machinery_id, created_at, updated_at) FROM stdin;
1	fdsf	2026-04-09	1	2026-04-24 13:44:10.896535	\N
\.


--
-- Data for Name: sections; Type: TABLE DATA; Schema: public; Owner: test
--

COPY public.sections (id, title, department_id, created_at, updated_at) FROM stdin;
1	псо адмиралтейского района	1	2026-04-22 13:39:33.463092	\N
2	псо василеостровского района	2	2026-04-22 13:39:33.463092	\N
3	псч-21 (выборгский район)	3	2026-04-22 13:39:33.463092	\N
4	псч-60 (выборгский район)	4	2026-04-22 13:39:33.463092	\N
5	псч-63 (выборгский район)	5	2026-04-22 13:39:33.463092	\N
6	псч-67 (выборгский район)	6	2026-04-22 13:39:33.463092	\N
7	псч-75 (калининского района)	7	2026-04-22 13:39:33.463092	\N
8	псч-42 (кировский район)	8	2026-04-22 13:39:33.463092	\N
9	псч-48 (колпинский район)	9	2026-04-22 13:39:33.463092	\N
10	псо красногвардейского района	10	2026-04-22 13:39:33.463092	\N
11	псч-20 (красносельский район)	11	2026-04-22 13:39:33.463092	\N
12	псч-33 (красносельский район)	12	2026-04-22 13:39:33.463092	\N
13	псч-47 (кронштадтский район)	13	2026-04-22 13:39:33.463092	\N
14	псч-57 (курортный район)	14	2026-04-22 13:39:33.463092	\N
15	псч-43 (курортный район)	15	2026-04-22 13:39:33.463092	\N
16	псч-39 (московский район)	16	2026-04-22 13:39:33.463092	\N
17	псч-52 (невский район)	17	2026-04-22 13:39:33.463092	\N
18	псч-61 (невский район)	18	2026-04-22 13:39:33.463092	\N
19	псо петроградского района	19	2026-04-22 13:39:33.463092	\N
20	псч-54 (петродворцовый район)	20	2026-04-22 13:39:33.463092	\N
21	псч-53 (приморский район) "оз.долгое"	21	2026-04-22 13:39:33.463092	\N
22	псч-59 (приморский район) "п. лисий нос"	22	2026-04-22 13:39:33.463092	\N
23	псч-76 (приморский район) "п. лахта"	23	2026-04-22 13:39:33.463092	\N
24	псч-23 (приморский район) "коломяги"	24	2026-04-22 13:39:33.463092	\N
25	псч-49 (пушкинский район)	25	2026-04-22 13:39:33.463092	\N
26	псч-50 (пушкинский район)	26	2026-04-22 13:39:33.463092	\N
27	псч-58 (фрунзенский район)	27	2026-04-22 13:39:33.463092	\N
28	псч № 37 (центральный район)	28	2026-04-22 13:39:33.463092	\N
29	гку "центр обеспечения мероприятий гражданской защиты"	29	2026-04-22 13:39:33.463092	\N
30	гку "технический центр"	30	2026-04-22 13:39:33.463092	\N
31	гу "умц"	31	2026-04-22 13:39:33.463092	\N
32	управление и отдел главного механика	32	2026-04-22 13:39:33.463092	\N
33	аварийно-спасательный отряд	32	2026-04-22 13:39:33.463092	\N
34	поисково -спасательный водолазный отряд	32	2026-04-22 13:39:33.463092	\N
35	цспс приморский проспект 114	32	2026-04-22 13:39:33.463092	\N
36	спс-23	32	2026-04-22 13:39:33.463092	\N
37	спс-24	32	2026-04-22 13:39:33.463092	\N
38	спс-25	32	2026-04-22 13:39:33.463092	\N
39	спс-26	32	2026-04-22 13:39:33.463092	\N
40	спс-27	32	2026-04-22 13:39:33.463092	\N
41	спс-28	32	2026-04-22 13:39:33.463092	\N
42	спс-29	32	2026-04-22 13:39:33.463092	\N
43	псо на афз	32	2026-04-22 13:39:33.463092	\N
44	спс № 1 г. зеленогорск,пляж "золотой"	32	2026-04-22 13:39:33.463092	\N
45	спс № 3	32	2026-04-22 13:39:33.463092	\N
46	спс №13 п. репино	32	2026-04-22 13:39:33.463092	\N
47	спс 19	32	2026-04-22 13:39:33.463092	\N
48	спс 21 г. кронштадт	32	2026-04-22 13:39:33.463092	\N
49	спс №22 я/к"балтиец"	32	2026-04-22 13:39:33.463092	\N
50	спс №30 мартышкино	32	2026-04-22 13:39:33.463092	\N
51	псо на рик вв	32	2026-04-22 13:39:33.463092	\N
52	спс №2 оз. сестрорецкий разлив	32	2026-04-22 13:39:33.463092	\N
53	спс №4 верхнее суздальское озеро	32	2026-04-22 13:39:33.463092	\N
54	спс-8 петро-павловская крепость	32	2026-04-22 13:39:33.463092	\N
55	спс №9 проспект обуховской обороны д.132к2лит3	32	2026-04-22 13:39:33.463092	\N
56	спс №9 проспект обуховской обороны д.132к2лит4	32	2026-04-22 13:39:33.463092	\N
57	спс №9 проспект обуховской обороны д.132к2лит5	32	2026-04-22 13:39:33.463092	\N
58	спс №9 проспект обуховской обороны д.132к2лит6	32	2026-04-22 13:39:33.463092	\N
59	спс №9 проспект обуховской обороны д.132к2лит7	32	2026-04-22 13:39:33.463092	\N
60	спс №9 проспект обуховской обороны д.132к2лит8	32	2026-04-22 13:39:33.463092	\N
61	спс №9 проспект обуховской обороны д.132к2лит9	32	2026-04-22 13:39:33.463092	\N
62	спс №9 проспект обуховской обороны д.132к2лит10	32	2026-04-22 13:39:33.463092	\N
63	спс №9 проспект обуховской обороны д.132к2лит11	32	2026-04-22 13:39:33.463092	\N
64	спс №14 нижнее суздальское озеро	32	2026-04-22 13:39:33.463092	\N
65	спс №17 г. пушкин колонистский пруд	32	2026-04-22 13:39:33.463092	\N
66	спс №18 г. колпино ижорский пруд	32	2026-04-22 13:39:33.463092	\N
67	спс№20 среднее суздальское озеро	32	2026-04-22 13:39:33.463092	\N
68	спс № 25 ольгинский пруд	32	2026-04-22 13:39:33.463092	\N
69	спс № 26 красное село	32	2026-04-22 13:39:33.463092	\N
\.


--
-- Data for Name: users; Type: TABLE DATA; Schema: public; Owner: test
--

COPY public.users (id, email, password_hash, department_id, created_at, updated_at) FROM stdin;
33	admiral_pso@gochs.gov.spb.ru	$argon2id$v=19$m=1024,t=2,p=2$qtW6NwaAcC4FYOyds7YWAg$3RKdxsDtVca+eTyDoh/8vicEvg7aInqUoWK9Dvef070	1	2026-04-22 13:13:42.802029	\N
34	vasileostrov_pso@gochs.gov.spb.ru	$argon2id$v=19$m=1024,t=2,p=2$SclZC0GIca4VYmyN0XqPcQ$wARrPyOwycnHWSym53EUHKwEEiH+jiLY5jib6Sj/Dkc	2	2026-04-22 13:13:42.802029	\N
35	psch21@gochs.gov.spb.ru	$argon2id$v=19$m=1024,t=2,p=2$U0ppjdFaq3VuDWEshVAKQQ$4NkvQE1rILEXr2Pzkw/Oc1KwFva3V9UI3xmnXX5cS6I	3	2026-04-22 13:13:42.802029	\N
36	psch60@gochs.gov.spb.ru	$argon2id$v=19$m=1024,t=2,p=2$i/H+v/d+L4VwLkUIgVAKwQ$IS2Achn5+oOx4N3+M8uol5uPsKn7uelOtx5lsN/d8KA	4	2026-04-22 13:13:42.802029	\N
37	psch63@gochs.gov.spb.ru	$argon2id$v=19$m=1024,t=2,p=2$fS/FGEPoPeecs5ayVqrVmg$rJk5pfz9J/FbA64/LOC1BK0sbq5vZ+se3xJXefuZBso	5	2026-04-22 13:13:42.802029	\N
38	psch67@gochs.gov.spb.ru	$argon2id$v=19$m=1024,t=2,p=2$EWKMsZaSslYqJaQ05hzjXA$hpV7tkpV40lTba/T8F1A3eYJ4xG5jB73AKVx3OO8iDY	6	2026-04-22 13:13:42.802029	\N
39	psch75@gochs.gov.spb.ru	$argon2id$v=19$m=1024,t=2,p=2$Q4gxptSak7IWAkAoxbi39g$m3/5L8IxNjcEWgAWLYBSLBtYSUlgBo0xkQpiRU4jEHU	7	2026-04-22 13:13:42.802029	\N
40	psch42@gochs.gov.spb.ru	$argon2id$v=19$m=1024,t=2,p=2$0/rfm1NqLUWIESLEGGPMOQ$SaF6ID2tlc1bTgyhmOoyQ2+nNMBEoCSozy6Dv/oDEsk	8	2026-04-22 13:13:42.802029	\N
41	psch48@gochs.gov.spb.ru	$argon2id$v=19$m=1024,t=2,p=2$yHkPwZhTqrUW4ryX0hqDUA$2eI0JzuboQEBdRzAut9jvrvC1jhcHtP1djgeKj0Xmss	9	2026-04-22 13:13:42.802029	\N
42	krgvardia_pso@gochs.gov.spb.ru	$argon2id$v=19$m=1024,t=2,p=2$2BvDGGMMIeRcS2kNoVTKGQ$9V2JBqXc/1+GVNycRr2c/mgt8mFkOodP9nkJWzlIn+I	10	2026-04-22 13:13:42.802029	\N
43	psch20@gochs.gov.spb.ru	$argon2id$v=19$m=1024,t=2,p=2$31tLSSmFsDbGOGdsTen9/w$A3nkinYdrwCJmkDsU+d7ATBz3dIzne+qAhGiD8mJUYw	11	2026-04-22 13:13:42.802029	\N
44	psch33@gochs.gov.spb.ru	$argon2id$v=19$m=1024,t=2,p=2$es8Zg1BqjTFmTEmJkTLm/A$Umd9WQZvFmA1NXQwZIeQAMN1bNyZ+Ovzmkxiumx/6Gg	12	2026-04-22 13:13:42.802029	\N
45	psch47@gochs.gov.spb.ru	$argon2id$v=19$m=1024,t=2,p=2$kxKiVEqJca71HgOAsFaKUQ$1tA750vPmqfK1H1IXq+Z80rUTEqJjTPx8XYPmUG1Q6s	13	2026-04-22 13:13:42.802029	\N
46	psch57@gochs.gov.spb.ru	$argon2id$v=19$m=1024,t=2,p=2$n3Pu/Z/z/h+DMGZsTekdYw$md3iXhd0r6e8GXQIUXIGXMR+JmXFrnCLbdtW7ndRKd0	14	2026-04-22 13:13:42.802029	\N
47	psch43@gochs.gov.spb.ru	$argon2id$v=19$m=1024,t=2,p=2$hBCCEIKQsvYeI2RsrfUegw$Cby49V+mQmq5FY4qoDuI6E038rmbWf62f/5fgcVPBLs	15	2026-04-22 13:13:42.802029	\N
48	psch39@gochs.gov.spb.ru	$argon2id$v=19$m=1024,t=2,p=2$RohxTglhzFnrHWMMgTDm/A$PQuVsnQ8NH1V7rkUgyMkRlH1CJ1nB8s3/GWqAYpQe5g	16	2026-04-22 13:13:42.802029	\N
49	psch52@gochs.gov.spb.ru	$argon2id$v=19$m=1024,t=2,p=2$hvDeW4vx3huDUGpN6Z2Tsg$yMgWO9j8y6gYAxlR2+Nh5YfWtPOhfvIK/YGlsfVAYqk	17	2026-04-22 13:13:42.802029	\N
50	psch61@gochs.gov.spb.ru	$argon2id$v=19$m=1024,t=2,p=2$Sill7J3zfi+lNGasFYIQIg$7qQnfZxbWdC/3kZpyqzGxXZoB8qFlNtF03F9dqCX+4M	18	2026-04-22 13:13:42.802029	\N
51	petrograd_pso@gochs.gov.spb.ru	$argon2id$v=19$m=1024,t=2,p=2$WctZa20tJQQgJGRsjdE6Bw$8cEA540Xw1485T4YW3SLCB+6sMdAqppkKqezolBTx8k	19	2026-04-22 13:13:42.802029	\N
52	psch54@gochs.gov.spb.ru	$argon2id$v=19$m=1024,t=2,p=2$Ywxh7P2/N+Zc6733vnfufQ$FOtsjQC5FTavoOmjb/e1ZjcJ9ze1GRMGGuCKliALi2k	20	2026-04-22 13:13:42.802029	\N
53	psch53@gochs.gov.spb.ru	$argon2id$v=19$m=1024,t=2,p=2$qpVyLmWsNcbYO0dICSEkRA$ZiV+W7lvC5ZPzlIqFThgv75GBI8dP1Vul68DTE1pJJA	21	2026-04-22 13:13:42.802029	\N
54	psch59@gochs.gov.spb.ru	$argon2id$v=19$m=1024,t=2,p=2$E8IYA+CcEwJgDCEEAECIkQ$P6oP2Ia1X6xkdns+UAQSOgY5gP860eUsrDFJpnnfkzc	22	2026-04-22 13:13:42.802029	\N
55	psch76@gochs.gov.spb.ru	$argon2id$v=19$m=1024,t=2,p=2$QciZU4pR6t0bY+xdizEmRA$ixwjyxW+OAim2ezMR3s76nyle6N5aY/QbQ126+z0kWM	23	2026-04-22 13:13:42.802029	\N
56	psch23@gocchs.gov.spb.ru	$argon2id$v=19$m=1024,t=2,p=2$d44RghBCyPm/l5LSOse4Nw$av3of6HCngw7fEalTv8peCkbLaFHINDcMHPuTbmP5Xs	24	2026-04-22 13:13:42.802029	\N
57	psch49@gochs.gov.spb.ru	$argon2id$v=19$m=1024,t=2,p=2$XWvNmXOOEWIMAYCQ8h4j5A$SBcOp+eLK8k9kgTzyBEi2AVHjB4/773aPFL89Ox+rrI	25	2026-04-22 13:13:42.802029	\N
58	psch50@gochs.gov.spb.ru	$argon2id$v=19$m=1024,t=2,p=2$kvJ+j7GWslZqLSWEEIIwJg$lunXp+JUBhoGpGg8btTpQCMc7BfOl06fhIgnWri2vv8	26	2026-04-22 13:13:42.802029	\N
59	psch58@gochs.gov.spb.ru	$argon2id$v=19$m=1024,t=2,p=2$LIXQGiOEcC6lVKq1ttaa8w$sIDYEp3w0tdL3QeuavBoIVWJst0gRbZpcT5fO1rb+2g	27	2026-04-22 13:13:42.802029	\N
60	psch37@gochs.gov.spb.ru	$argon2id$v=19$m=1024,t=2,p=2$w7i39t77fy+lFAIg5PyfUw$P9tZruKhjkks7EXLAtZnCup9s2BMx98g4YQjSqNzi0w	28	2026-04-22 13:13:42.802029	\N
61	comgz@comgz.zakon.gov.spb.ru	$argon2id$v=19$m=1024,t=2,p=2$zNk7p9R6bw2BMOa813qv9Q$1cQEseTg+8onlFEYHZVehkgIrY7O2Gcin0+cM4d8Wrs	29	2026-04-22 13:13:42.802029	\N
62	tc@gochs.gov.spb.ru	$argon2id$v=19$m=1024,t=2,p=2$7N3b23uP0RpDyLmX0joH4A$28Hz13Kfn3tv4DL9i/T9tHvoFWtDAogiZnsQtYuaC9c	30	2026-04-22 13:13:42.802029	\N
63	spb_umc@gochs.gov.spb.ru	$argon2id$v=19$m=1024,t=2,p=2$uLf2XmsNAaD0Psc4R2ittQ$Pl2YEWqTluKwopZJhZ9x4w/M/bhZ3IIy3SQXtD0BrmY	31	2026-04-22 13:13:42.802029	\N
64	disp_pss@gochs.gov.spb.ru	$argon2id$v=19$m=1024,t=2,p=2$tbZWas0ZwxiDsNYaIyQkxA$RWZHSePxPiYx2/GCirrJ7f7DJOS0UBpikH+MB7jCB7c	32	2026-04-22 13:13:42.802029	\N
\.


--
-- Name: departments_id_seq; Type: SEQUENCE SET; Schema: public; Owner: test
--

SELECT pg_catalog.setval('public.departments_id_seq', 32, true);


--
-- Name: machineries_id_seq; Type: SEQUENCE SET; Schema: public; Owner: test
--

SELECT pg_catalog.setval('public.machineries_id_seq', 403, true);


--
-- Name: maintenance_id_seq; Type: SEQUENCE SET; Schema: public; Owner: test
--

SELECT pg_catalog.setval('public.maintenance_id_seq', 1, true);


--
-- Name: sections_id_seq; Type: SEQUENCE SET; Schema: public; Owner: test
--

SELECT pg_catalog.setval('public.sections_id_seq', 69, true);


--
-- Name: users_id_seq; Type: SEQUENCE SET; Schema: public; Owner: test
--

SELECT pg_catalog.setval('public.users_id_seq', 64, true);


--
-- Name: alembic_version alembic_version_pkc; Type: CONSTRAINT; Schema: public; Owner: test
--

ALTER TABLE ONLY public.alembic_version
    ADD CONSTRAINT alembic_version_pkc PRIMARY KEY (version_num);


--
-- Name: departments departments_pkey; Type: CONSTRAINT; Schema: public; Owner: test
--

ALTER TABLE ONLY public.departments
    ADD CONSTRAINT departments_pkey PRIMARY KEY (id);


--
-- Name: machineries machineries_pkey; Type: CONSTRAINT; Schema: public; Owner: test
--

ALTER TABLE ONLY public.machineries
    ADD CONSTRAINT machineries_pkey PRIMARY KEY (id);


--
-- Name: maintenance maintenance_machinery_id_key; Type: CONSTRAINT; Schema: public; Owner: test
--

ALTER TABLE ONLY public.maintenance
    ADD CONSTRAINT maintenance_machinery_id_key UNIQUE (machinery_id);


--
-- Name: maintenance maintenance_pkey; Type: CONSTRAINT; Schema: public; Owner: test
--

ALTER TABLE ONLY public.maintenance
    ADD CONSTRAINT maintenance_pkey PRIMARY KEY (id);


--
-- Name: sections sections_pkey; Type: CONSTRAINT; Schema: public; Owner: test
--

ALTER TABLE ONLY public.sections
    ADD CONSTRAINT sections_pkey PRIMARY KEY (id);


--
-- Name: users users_email_key; Type: CONSTRAINT; Schema: public; Owner: test
--

ALTER TABLE ONLY public.users
    ADD CONSTRAINT users_email_key UNIQUE (email);


--
-- Name: users users_pkey; Type: CONSTRAINT; Schema: public; Owner: test
--

ALTER TABLE ONLY public.users
    ADD CONSTRAINT users_pkey PRIMARY KEY (id);


--
-- Name: ix_machineries_number; Type: INDEX; Schema: public; Owner: test
--

CREATE INDEX ix_machineries_number ON public.machineries USING btree (number);


--
-- Name: ix_machineries_section_id; Type: INDEX; Schema: public; Owner: test
--

CREATE INDEX ix_machineries_section_id ON public.machineries USING btree (section_id);


--
-- Name: ix_machineries_status; Type: INDEX; Schema: public; Owner: test
--

CREATE INDEX ix_machineries_status ON public.machineries USING btree (status);


--
-- Name: ix_maintenance_date; Type: INDEX; Schema: public; Owner: test
--

CREATE INDEX ix_maintenance_date ON public.maintenance USING btree (date);


--
-- Name: ix_sections_department_id; Type: INDEX; Schema: public; Owner: test
--

CREATE INDEX ix_sections_department_id ON public.sections USING btree (department_id);


--
-- Name: ix_users_department_id; Type: INDEX; Schema: public; Owner: test
--

CREATE INDEX ix_users_department_id ON public.users USING btree (department_id);


--
-- Name: machineries machineries_section_id_fkey; Type: FK CONSTRAINT; Schema: public; Owner: test
--

ALTER TABLE ONLY public.machineries
    ADD CONSTRAINT machineries_section_id_fkey FOREIGN KEY (section_id) REFERENCES public.sections(id);


--
-- Name: maintenance maintenance_machinery_id_fkey; Type: FK CONSTRAINT; Schema: public; Owner: test
--

ALTER TABLE ONLY public.maintenance
    ADD CONSTRAINT maintenance_machinery_id_fkey FOREIGN KEY (machinery_id) REFERENCES public.machineries(id);


--
-- Name: sections sections_department_id_fkey; Type: FK CONSTRAINT; Schema: public; Owner: test
--

ALTER TABLE ONLY public.sections
    ADD CONSTRAINT sections_department_id_fkey FOREIGN KEY (department_id) REFERENCES public.departments(id);


--
-- Name: users users_department_id_fkey; Type: FK CONSTRAINT; Schema: public; Owner: test
--

ALTER TABLE ONLY public.users
    ADD CONSTRAINT users_department_id_fkey FOREIGN KEY (department_id) REFERENCES public.departments(id);


--
-- PostgreSQL database dump complete
--

\unrestrict yKVjGw4flqDrSBWZx9qTChOT1xM8zY3LrQOtbsCDJVCaSrQa5wBMX5xbJqVnY5E

